{"last_sync": "2026-05-19 21:37:27.500379", "staff_csv": 1779206646.3960729, "branches": 1779206646.3987703, "departments": 1779206646.3987703}